,Actual,Predicted
5770,1.0,0.9989326
6382,0.0,2.9196119e-05
1119,0.0,4.105826e-05
8027,0.0,-9.3445415e-06
4313,0.0,7.6315846e-05
4649,0.0,-3.5245626e-05
8100,0.0,3.3171214e-05
1868,0.0,2.1794378e-05
6220,0.0,7.4836214e-05
4539,0.0,-2.9840008e-05
155,0.0,-1.8202405e-05
4303,0.0,-4.952996e-05
425,0.0,9.72255e-05
9767,0.0,1.7312843e-05
5488,0.0,0.000235982
8245,0.0,3.755804e-06
8358,0.0,-0.00012081954
4105,0.0,-0.00049712585
1894,0.0,4.022149e-05
1406,1.0,0.99986804
6502,0.0,0.00014501633
6232,1.0,0.99970084
5439,0.0,2.0089785e-05
4973,0.0,-1.9852829e-05
1210,0.0,6.445509e-05
9421,0.0,6.369244e-05
184,0.0,-5.5182398e-05
8043,0.0,3.3873969e-06
8400,0.0,0.00015572878
4879,0.0,4.829553e-05
4601,0.0,-7.913578e-06
6554,0.0,-3.074531e-07
9731,1.0,1.0000805
9066,0.0,7.5258955e-05
772,1.0,0.9993757
248,1.0,1.000249
3604,0.0,0.00017487907
1834,0.0,0.00018612176
7437,0.0,7.501768e-05
598,0.0,0.0001656517
6044,0.0,-2.0681675e-06
8090,0.0,-0.00032137486
6178,0.0,2.9030838e-05
6942,0.0,-1.5289068e-05
9600,0.0,0.00016145722
6694,0.0,-5.884882e-05
1642,1.0,1.0001748
7684,1.0,0.99993986
7720,0.0,-1.9038605e-05
8668,1.0,0.9998394
8438,0.0,-1.5782596e-06
7012,1.0,0.99996513
2733,0.0,5.265458e-05
4030,0.0,4.2573978e-05
5142,1.0,0.9999665
535,0.0,-1.4849985e-05
8268,0.0,3.085902e-05
6004,1.0,1.000295
275,0.0,0.00015406687
7768,1.0,1.0000107
2724,0.0,-0.000115227165
5094,0.0,7.999328e-06
5329,0.0,-0.00014461658
8577,0.0,6.60123e-05
6911,0.0,-1.4444422e-05
3273,1.0,0.99996847
9913,1.0,0.9997798
579,1.0,0.9998472
7988,0.0,4.3533546e-06
6586,0.0,5.14311e-05
8471,1.0,0.9997197
7788,0.0,3.4662222e-05
1872,0.0,-3.8934595e-06
1272,0.0,2.7687704e-05
5013,0.0,1.579817e-05
8849,0.0,1.937967e-05
2928,1.0,0.9994441
2562,0.0,-1.0842581e-05
2573,1.0,1.0000436
2328,1.0,1.0001758
7194,0.0,0.00025091128
7884,0.0,-2.422043e-05
7453,0.0,-0.000598668
5946,0.0,-9.332525e-05
7551,0.0,-0.00012567147
442,0.0,-2.1782693e-05
8394,0.0,2.204784e-06
8786,0.0,-4.458725e-06
6560,0.0,9.0716785e-05
6089,0.0,2.211487e-06
7035,0.0,-0.00010078235
3780,1.0,0.9999659
8355,1.0,0.999945
9778,0.0,0.00013076261
5506,1.0,0.9998858
520,0.0,3.0119205e-05
7750,0.0,-2.9605988e-05
7230,0.0,-5.4706867e-05
6361,1.0,0.99987155
2167,0.0,-1.2552469e-05
1979,0.0,3.0111441e-05
5295,1.0,0.999841
2080,1.0,1.0000029
9390,1.0,0.9998364
5775,0.0,-0.00011202842
2424,1.0,0.99987626
9403,0.0,-3.1088806e-05
3561,0.0,9.701528e-05
116,0.0,9.4166906e-05
5037,0.0,2.1190187e-06
8404,0.0,-4.065756e-05
2878,1.0,1.0002162
7502,0.0,1.7353519e-05
949,1.0,0.999971
765,0.0,5.169427e-06
586,0.0,-1.584473e-05
5396,0.0,2.2473698e-05
972,0.0,3.586604e-05
1547,0.0,-4.847023e-06
9297,0.0,-2.193681e-06
3474,1.0,0.99991876
1548,1.0,0.99976045
2109,0.0,2.8942319e-05
7895,1.0,1.000048
2678,0.0,6.135845e-05
74,1.0,1.0003139
8098,0.0,-9.196612e-06
9040,0.0,0.00015017361
4740,0.0,3.193078e-05
4933,1.0,1.0000381
5036,0.0,0.000114701965
3421,1.0,1.000052
8558,1.0,0.9997774
5542,0.0,-6.7531764e-06
5989,0.0,0.00012996756
8778,0.0,9.567831e-05
1842,0.0,2.1176013e-05
3530,0.0,-5.580491e-05
8427,0.0,7.010133e-05
2339,0.0,9.189216e-06
1956,0.0,-1.4392779e-05
751,0.0,7.149014e-05
8487,0.0,0.0012775476
9049,1.0,0.9999587
8530,0.0,-5.2685764e-06
2507,0.0,-5.001796e-05
385,1.0,0.99985284
2998,0.0,1.9117495e-05
5675,0.0,-8.158739e-06
2444,0.0,-0.00010694769
3553,0.0,1.8388098e-05
4698,0.0,1.4757383e-05
8576,0.0,-3.6163532e-05
1446,0.0,7.9935846e-05
3864,1.0,0.99993175
1691,0.0,-9.5163196e-05
7450,1.0,1.0002524
6757,0.0,3.9975785e-05
7745,0.0,2.4721208e-05
4940,0.0,0.0001413905
6815,1.0,1.0001252
9958,1.0,0.9997996
5657,0.0,8.9464095e-07
374,0.0,-9.806652e-05
398,0.0,-2.1062275e-05
2191,1.0,1.0000372
3511,0.0,1.36077015e-05
9973,1.0,1.0001563
438,0.0,8.989027e-06
9228,0.0,-8.087029e-05
8032,0.0,9.770835e-05
2434,0.0,-1.0259866e-05
234,0.0,-0.0009045575
1526,0.0,1.0946988e-05
9350,0.0,-2.6759932e-05
9974,0.0,-1.4207539e-05
6685,0.0,-5.879735e-05
5471,0.0,-0.00018224576
6853,1.0,1.0000257
5999,0.0,3.605819e-05
6260,1.0,1.0200399
4802,1.0,0.99990416
2155,1.0,0.9998778
7815,0.0,7.1200964e-05
7852,0.0,-0.00017549572
7547,0.0,4.435863e-05
2194,0.0,-6.190166e-05
2890,0.0,1.775325e-05
176,0.0,1.7609615e-05
2140,1.0,1.0002326
5498,0.0,3.760259e-05
4520,0.0,-0.00020432632
5651,0.0,-3.8902122e-05
5361,0.0,9.4291834e-05
8507,0.0,-2.8059003e-05
7536,0.0,-1.0825391e-05
6867,0.0,3.764385e-05
8217,1.0,1.0000019
1610,1.0,0.99989295
1881,0.0,9.994166e-05
2187,0.0,3.2420434e-05
3035,0.0,9.582577e-06
4158,1.0,0.9998758
4928,0.0,-4.372472e-05
7162,0.0,0.00016727915
7011,0.0,6.874711e-05
897,0.0,0.00010917406
6045,1.0,0.9998621
9177,0.0,-1.0092006e-06
4116,0.0,-5.526892e-06
5673,0.0,6.0343067e-05
244,0.0,-2.5615991e-05
6413,0.0,3.541194e-05
7819,1.0,0.99988425
2043,0.0,-2.4372406e-05
1242,0.0,2.5226444e-05
7222,1.0,1.000037
4042,0.0,8.94041e-05
1115,1.0,1.0000302
6311,1.0,0.99986315
3929,0.0,3.0348126e-06
9018,0.0,-5.6898505e-05
1957,0.0,4.3845368e-05
8304,0.0,7.229592e-05
8989,0.0,-5.3691356e-06
2958,0.0,0.9507238
6214,0.0,-2.7564492e-05
4828,0.0,2.3997265e-05
7592,1.0,0.99996597
6394,0.0,-6.757362e-06
1570,1.0,0.99993116
263,0.0,1.1571488e-05
3598,0.0,-2.97648e-06
7378,0.0,3.95779e-05
709,0.0,-1.4139341e-07
9509,0.0,7.134076e-05
5703,0.0,-4.9108152e-05
4074,1.0,0.99992865
4274,0.0,1.0329237
30,0.0,0.00017914476
6062,0.0,-7.5725824e-05
4495,1.0,0.9999105
3007,0.0,-2.496394e-06
6900,1.0,1.000009
120,0.0,-0.00037278482
9433,0.0,-1.6859485e-05
2559,0.0,0.000115454204
3386,1.0,1.0001285
3676,0.0,-4.2483633e-05
3809,0.0,5.198828e-05
3883,0.0,1.0434936e-07
9289,0.0,0.0026705822
6783,0.0,5.960706e-05
4314,0.0,-8.861568e-07
1029,1.0,0.99995697
9353,0.0,1.4744548e-05
5039,0.0,2.9387382e-05
4414,0.0,3.575439e-05
1833,1.0,1.0000827
9579,0.0,4.117274e-05
2358,1.0,1.0000206
8345,0.0,-9.878889e-06
3962,0.0,-0.0004859615
2162,0.0,-6.926271e-05
6385,1.0,0.9999559
6657,0.0,8.748443e-05
4960,0.0,-5.6148518e-05
2314,0.0,-0.00012211912
8969,1.0,0.999861
354,1.0,0.9999782
4741,0.0,-1.3534448e-05
9021,0.0,2.1298805e-05
7919,0.0,-4.2411106e-05
5876,0.0,0.00014085764
4008,0.0,-5.232629e-05
8855,1.0,1.0004381
996,1.0,0.9999225
4475,1.0,0.99988097
8964,0.0,0.001941978
8845,0.0,2.399329e-06
3584,0.0,3.3185097e-05
7636,0.0,2.6810656e-05
3978,0.0,-6.0597893e-05
6038,1.0,0.99975854
3478,0.0,-5.232636e-05
7999,0.0,0.00015171431
7455,0.0,-0.00015895766
3533,1.0,1.0000222
5045,1.0,1.0000865
3534,0.0,-2.4530244e-05
4410,0.0,-3.338651e-05
4506,0.0,-0.00010055626
4671,0.0,-2.3902798e-05
7918,0.0,-9.542588e-05
7482,0.0,-6.1732724e-05
4075,0.0,-2.6126487e-05
5513,0.0,0.0002849057
215,0.0,3.8809223e-05
2131,0.0,1.6091362e-05
6567,0.0,4.2162777e-05
2801,0.0,0.00013600921
7564,1.0,0.9999103
8029,1.0,0.9999559
8082,1.0,0.9999939
3901,0.0,-3.1467276e-05
3586,0.0,-4.3152933e-05
822,0.0,-5.6375047e-05
7922,1.0,1.0000111
3364,0.0,-2.6437913e-06
3162,0.0,-1.2988445e-05
2269,0.0,-0.0045871544
5198,0.0,8.418898e-06
6145,0.0,0.00017225089
6299,0.0,-0.00041433854
7396,1.0,0.99993396
9064,0.0,4.1785615e-06
3027,0.0,-2.2001623e-05
3264,0.0,0.00014417719
3359,1.0,1.00009
5252,0.0,0.00010271851
6098,0.0,-4.523842e-05
9127,0.0,0.0004396767
393,0.0,4.3075306e-06
4071,0.0,-4.6201705e-05
3821,0.0,-7.203513e-05
1865,0.0,3.462461e-06
6020,0.0,-4.6836474e-05
8665,0.0,2.3426419e-05
484,1.0,1.0003737
8459,0.0,3.3079814e-05
4644,0.0,0.00017420511
6970,0.0,2.3298096e-05
2606,0.0,-2.6851569e-05
5247,1.0,0.99999267
1329,0.0,-3.3710763e-05
7385,0.0,5.7426525e-05
5470,0.0,0.00066951255
7910,0.0,9.055213e-05
1285,0.0,8.051319e-05
2329,0.0,8.746209e-05
6404,0.0,0.00013001768
8504,0.0,0.0001970796
4941,1.0,1.0000297
3976,0.0,3.838492e-06
2305,1.0,1.0000998
1634,0.0,-0.0020333647
2949,0.0,-7.1112527e-06
5880,0.0,7.3604815e-06
4766,0.0,2.2407764e-06
8635,1.0,0.9997068
4862,0.0,1.4862098e-05
832,0.0,-0.00013057872
2126,1.0,1.0000081
8785,1.0,0.9998916
4822,0.0,-9.584197e-05
3098,0.0,-1.8723684e-05
1892,0.0,-0.00024396359
3800,0.0,8.518869e-05
6439,0.0,-0.000102108
1896,1.0,0.99998146
4990,0.0,-0.004579175
1934,0.0,3.496303e-05
5185,1.0,0.9998853
2217,0.0,7.294698e-05
6405,1.0,0.99997455
6658,0.0,-3.31577e-05
9132,0.0,5.790783e-06
7913,0.0,-8.493511e-05
3179,0.0,-7.902632e-06
6187,0.0,2.2719112e-05
7493,0.0,8.4610256e-05
3756,0.0,-1.6280283e-05
1650,1.0,0.999896
7869,1.0,0.9999758
9256,0.0,-3.1855223e-05
4583,0.0,-1.993575e-05
8890,0.0,3.8154485e-05
8361,0.0,2.1023487e-05
8498,0.0,-1.423972e-06
9231,0.0,-9.96646e-06
3141,0.0,-7.4390277e-06
2250,0.0,-1.9238848e-06
7956,0.0,-3.7830672e-05
8995,0.0,2.7140391e-05
1943,0.0,-5.7933456e-05
8567,0.0,-4.843717e-05
2944,1.0,1.0052459
1920,1.0,0.9998902
513,1.0,1.0000247
5384,0.0,2.2862384e-06
8403,0.0,9.637446e-05
2325,0.0,8.789964e-06
4090,0.0,2.0504172e-05
4950,0.0,3.4549383e-05
5124,0.0,9.014267e-05
2393,0.0,4.3926888e-05
9824,0.0,-0.00017025469
7072,0.0,3.4261364e-05
2150,0.0,5.654052e-06
1395,1.0,0.99992394
7940,0.0,4.6116387e-05
93,0.0,4.260736e-05
1562,0.0,0.00011427212
2174,0.0,-8.755974e-06
4407,0.0,2.5058755e-05
3614,1.0,0.99995834
9631,0.0,-0.00011576334
596,0.0,3.239876e-05
392,0.0,2.6545193e-05
4912,1.0,0.99997425
133,1.0,0.999858
9072,1.0,1.000057
3140,0.0,-1.2400764e-05
8439,0.0,4.337824e-05
451,0.0,5.4370772e-05
8945,0.0,0.001902182
9714,0.0,-1.22309875e-05
205,1.0,0.9999036
3900,0.0,2.9439572e-05
382,0.0,3.4339092e-07
3701,0.0,3.1592142e-05
7055,1.0,0.9998491
5577,1.0,1.0000151
353,0.0,-0.00047962338
1247,0.0,0.00016258388
5980,0.0,-2.3588895e-05
9004,0.0,-1.2834317e-05
1572,1.0,0.9999789
5238,0.0,-0.00013309126
35,0.0,-1.1418194e-05
7726,0.0,6.697994e-05
5511,0.0,3.8104845e-05
9788,1.0,1.0001614
1067,0.0,0.00027152637
953,0.0,1.09485945e-05
756,1.0,0.99994665
5971,0.0,-6.335293e-05
3879,0.0,0.00010976802
5722,0.0,8.6429915e-05
6609,0.0,5.1527408e-05
518,0.0,-0.00053744554
4440,0.0,4.0066443e-06
2892,0.0,-5.1426134e-05
1760,0.0,2.3698249e-05
9420,1.0,0.9998731
4283,0.0,-4.7181773e-05
1037,1.0,0.99978083
1419,1.0,1.0000325
3503,0.0,0.00010012504
5431,0.0,-3.0805844e-05
1890,0.0,3.4758716e-06
6893,0.0,0.0008116995
522,0.0,9.144455e-05
6735,0.0,4.985766e-05
4057,0.0,-3.260791e-05
3591,0.0,1.5320216e-05
1601,0.0,4.457253e-05
7874,0.0,7.758831e-05
5713,0.0,0.17786954
5064,1.0,0.99982953
732,0.0,0.00019292661
3727,0.0,6.185686e-08
3808,0.0,1.4624384e-05
3467,0.0,-2.7021018e-05
719,1.0,0.99986225
4264,0.0,-4.1767275e-05
8080,1.0,1.0000355
5945,0.0,-2.305441e-05
1985,0.0,-0.00014150662
1689,0.0,5.7809457e-06
3931,0.0,8.000343e-06
3582,0.0,9.544146e-05
7089,0.0,2.833199e-05
2306,0.0,1.3603461e-05
1150,1.0,1.0000368
2069,0.0,2.4903373e-05
2700,0.0,-2.8820697e-05
9389,0.0,4.6810357e-05
6770,0.0,-0.00036654834
2922,0.0,1.1489979e-05
2072,0.0,-1.8090894e-05
6749,0.0,7.898622e-05
5723,0.0,-1.9710567e-06
6059,1.0,1.0001525
7650,0.0,-0.00079087884
9138,0.0,9.3343715e-06
3646,0.0,-0.0002282946
5334,1.0,0.9999969
4500,0.0,1.1967524e-06
3008,0.0,-4.64638e-05
4199,0.0,-8.018879e-06
2340,1.0,1.0001426
8905,1.0,0.999993
5449,1.0,1.0000038
1692,0.0,5.7502577e-05
5425,1.0,1.0000249
3876,0.0,-0.0016884767
7073,0.0,4.3532335e-05
2059,1.0,1.0000956
8503,0.0,2.134576e-05
8871,0.0,-0.00017585154
6380,0.0,0.00014039312
2031,0.0,0.00018884853
4050,0.0,1.3580066e-05
9075,1.0,0.99996525
4800,0.0,-4.5908106e-05
9829,1.0,1.0005687
5898,0.0,-6.0455386e-05
2755,0.0,2.3478351e-05
3103,1.0,1.0000498
7449,1.0,0.9999373
5992,0.0,5.6408127e-05
6563,0.0,3.6351874e-05
5364,0.0,0.0002112122
8875,0.0,0.00023975497
1851,0.0,0.000109526256
3535,1.0,0.999729
4754,0.0,-5.752309e-05
4947,0.0,-0.00012628944
6324,0.0,4.749401e-05
5435,0.0,8.468815e-05
6225,0.0,8.805682e-05
1552,0.0,-4.3218963e-05
17,0.0,1.1624108e-05
9251,1.0,0.9999842
9683,0.0,3.5515477e-05
9730,0.0,-0.001323687
1998,0.0,0.00011174224
3833,0.0,-2.737619e-05
5533,0.0,0.00029615345
9574,1.0,0.9998772
1073,1.0,0.99975497
656,0.0,3.8572492e-05
5798,0.0,-4.397348e-05
9729,1.0,0.99979675
9917,0.0,1.6628826e-06
5772,0.0,-0.00015389663
431,0.0,0.00039011115
6362,0.0,-2.506285e-05
2817,0.0,2.2834265e-05
7996,0.0,-7.2950446e-05
4861,0.0,1.6412916e-05
3508,0.0,-9.010113e-05
1575,1.0,1.0000237
3097,0.0,0.00021818887
4083,0.0,-2.6929265e-05
6296,0.0,4.055664e-05
6013,0.0,2.422848e-05
677,1.0,0.9997137
5782,1.0,0.9997665
1591,0.0,-7.41544e-05
733,0.0,3.80943e-05
1414,0.0,-0.0027108511
2414,1.0,1.0003222
7786,0.0,-1.684565e-05
2221,0.0,-9.214212e-06
7030,0.0,3.257129e-05
8059,0.0,5.5577988e-05
7327,0.0,4.2692005e-05
3718,1.0,0.99969447
1366,0.0,-2.2891396e-05
8314,1.0,1.0001723
3949,0.0,1.8942508e-05
2322,0.0,3.5379795e-05
7434,0.0,7.305464e-05
603,0.0,8.7835295e-05
4878,0.0,7.205597e-05
8688,1.0,0.99974775
8065,1.0,1.0050948
9136,0.0,8.909667e-05
5475,0.0,1.4946525e-06
1863,0.0,8.062296e-05
4354,1.0,0.9999606
8827,0.0,5.5326625e-05
6200,0.0,-7.082043e-05
2548,0.0,6.1204228e-06
457,0.0,-0.0001609917
662,1.0,0.99999857
7694,0.0,1.4553367e-05
3339,0.0,-0.0017361288
4931,1.0,0.99985534
685,0.0,1.6955382e-05
6559,0.0,1.3530684e-05
1161,0.0,-8.195271e-05
9804,1.0,1.0000864
9189,0.0,9.789888e-06
3463,0.0,3.4532328e-05
3705,1.0,0.99996215
3116,0.0,6.625507e-05
2352,0.0,7.355068e-05
9721,0.0,0.0010452053
5977,1.0,1.0000854
7818,1.0,0.9994795
1491,0.0,-6.1602324e-05
8805,0.0,5.84062e-05
6344,1.0,1.0000765
1301,0.0,9.1792564e-05
1218,1.0,0.9998559
345,0.0,-0.001103789
7550,1.0,1.0000889
9613,0.0,9.831886e-05
9862,0.0,-1.877033e-05
1850,0.0,1.2055756e-05
9996,0.0,5.4142083e-06
9626,0.0,1.6337657e-05
8757,0.0,-8.3477375e-05
5177,0.0,-1.8542229e-05
7316,0.0,-0.00015116975
2623,0.0,6.277727e-08
5928,0.0,-2.0146392e-05
657,1.0,0.9999516
3063,1.0,0.99969006
8131,0.0,5.057019e-05
9362,0.0,5.310524e-05
4670,1.0,0.9982264
1782,1.0,1.0000467
4370,1.0,1.0001254
2356,1.0,0.99988675
7138,0.0,-0.0003968325
1751,1.0,0.9998823
2651,0.0,2.5289632e-05
8460,0.0,-2.1275668e-05
1394,0.0,-0.00016604732
1281,0.0,7.468348e-05
802,0.0,3.145071e-05
1191,0.0,6.409798e-05
7682,0.0,1.4964231e-05
6233,0.0,-7.5488744e-05
3366,0.0,-1.2561446e-05
7499,0.0,-8.9101495e-06
4133,0.0,-0.00085049565
6319,0.0,-6.4754477e-06
99,0.0,3.2676377e-05
4229,1.0,0.99991846
4498,1.0,1.0000659
5767,0.0,-6.750204e-06
7931,0.0,-5.983936e-05
4546,0.0,9.248467e-05
6620,0.0,2.1201082e-05
3770,0.0,-0.00063593336
2300,0.0,8.576744e-05
6154,0.0,-9.7926335e-05
9758,0.0,-2.6656646e-05
9306,0.0,9.833973e-05
4540,0.0,-1.884609e-05
8278,0.0,4.6916775e-05
9950,0.0,2.8059178e-05
2357,0.0,2.5678655e-05
3104,0.0,0.00014463117
8052,0.0,-2.4660152e-05
9317,0.0,-4.008748e-05
1797,0.0,-4.6653215e-05
8284,0.0,-3.736552e-07
250,0.0,2.272259e-05
2754,1.0,0.99985445
8724,0.0,-2.2180411e-05
7637,0.0,1.872964e-05
2380,0.0,0.00022223999
8821,0.0,-4.89208e-05
9578,0.0,5.578665e-06
6631,0.0,-5.1812058e-05
8589,0.0,6.4888154e-05
1826,0.0,3.508958e-05
846,0.0,4.4515516e-05
628,0.0,-7.36644e-06
6634,1.0,1.0001208
3860,0.0,1.3731635e-05
9633,0.0,4.5686895e-05
183,0.0,-1.7858582e-06
1656,0.0,1.9735508e-05
5721,0.0,1.9405693e-06
2248,0.0,-8.5591935e-05
3351,1.0,0.9999881
4174,0.0,3.3977014e-06
2275,0.0,-8.0925696e-05
3617,1.0,1.0000987
1667,0.0,8.594429e-05
5679,0.0,7.3694115e-05
4328,0.0,0.00036973742
4910,1.0,0.9999271
9340,1.0,1.0250794
4190,1.0,0.9999913
1405,0.0,-6.371215e-05
3669,1.0,1.000036
7848,1.0,1.0001041
9878,0.0,-2.5132565e-05
8488,0.0,-6.4224645e-05
4833,0.0,4.2880594e-05
4974,1.0,0.99986476
8342,0.0,9.735186e-06
4265,0.0,5.4383487e-05
4736,0.0,1.4828032e-05
1483,0.0,0.00011744479
5314,0.0,-7.088265e-05
95,0.0,0.00011521899
8587,0.0,8.710441e-07
5159,1.0,0.9999499
12,0.0,0.00066331314
9242,0.0,3.1718468e-05
3149,0.0,-0.00018290273
9107,0.0,1.05499075e-05
4089,0.0,3.750818e-05
6540,0.0,2.0320895e-05
3152,0.0,6.573099e-05
367,0.0,-3.5603745e-05
6207,1.0,0.9999565
829,0.0,-0.00015184922
2644,0.0,-3.874063e-05
1213,0.0,-2.3883276e-05
3239,0.0,0.0003223109
6107,0.0,-1.6087408e-05
1557,1.0,1.0000585
2511,0.0,7.0479924e-05
8955,0.0,2.2935092e-05
9920,0.0,3.0519423e-05
4027,1.0,1.0000017
8809,0.0,-0.00019945875
9737,0.0,-1.8247989e-05
8156,1.0,1.0000988
5210,0.0,6.8028094e-05
8961,0.0,0.00035905014
9070,0.0,0.003704372
9238,0.0,3.1531203e-05
8743,0.0,9.699697e-05
4574,0.0,-1.890468e-05
3145,0.0,8.165797e-05
4632,1.0,0.99991775
8228,0.0,-9.8563305e-06
2586,0.0,5.3228854e-05
9133,0.0,-0.0017844108
2175,1.0,0.99988806
7969,1.0,1.0000552
5547,1.0,0.9999729
2484,0.0,-2.9836254e-05
417,0.0,2.1532258e-05
4218,0.0,-2.49548e-05
9860,0.0,5.145166e-05
2172,1.0,1.0001694
1461,0.0,8.77263e-06
5856,0.0,-0.0001577204
4560,1.0,1.0003004
691,0.0,-3.23996e-05
1731,0.0,2.8644641e-05
1177,0.0,0.0002523391
1066,0.0,1.34327875e-05
5569,0.0,6.503233e-05
8837,0.0,1.48924555e-05
2894,0.0,0.002855934
5726,0.0,2.0643663e-05
2588,1.0,0.9998748
6937,0.0,8.5724314e-05
8609,0.0,9.894908e-06
5099,0.0,1.901871e-05
1263,1.0,0.999888
6635,0.0,-0.0002165374
2626,0.0,4.3917185e-05
8896,0.0,2.469842e-05
2885,1.0,0.99989134
8996,0.0,1.7640716e-05
2411,1.0,1.0250434
9486,1.0,1.0000831
4823,0.0,0.0001676513
1790,0.0,2.3795932e-05
2771,0.0,-3.6379504e-05
650,0.0,4.5995163e-05
2120,1.0,0.99991584
5649,1.0,1.0000772
1291,0.0,-0.00021387306
5090,1.0,0.99988365
2216,0.0,-6.877773e-05
6627,0.0,0.0054177106
1418,0.0,4.4598246e-06
2326,0.0,6.9761976e-05
344,0.0,-3.6422658e-05
2289,0.0,1.4055297e-05
591,0.0,0.00035772778
9530,0.0,2.5419078e-05
9312,0.0,-4.6721914e-05
2198,0.0,0.000110906796
8532,1.0,1.0005943
1485,0.0,7.784547e-05
2258,1.0,0.9997206
1467,0.0,0.00010550727
9324,1.0,0.9997587
5954,0.0,5.0617124e-05
2859,1.0,1.0000329
3290,1.0,1.0000329
8444,0.0,-7.183278e-07
3942,1.0,0.9999352
1398,0.0,-5.930722e-05
510,0.0,5.9782005e-06
3831,1.0,0.99998295
1005,0.0,-6.732421e-05
3688,0.0,-0.00038415779
2293,0.0,1.01485975e-05
5218,0.0,-0.00020004039
1758,0.0,0.00034758225
7589,0.0,7.1095127e-07
5081,0.0,2.257242e-06
838,0.0,2.2881813e-05
1927,0.0,0.00011344916
9715,0.0,8.8828936e-05
1246,1.0,1.000011
759,0.0,-7.122946e-05
6647,1.0,1.0000453
9480,0.0,-7.18268e-05
201,0.0,3.0155159e-05
2600,1.0,0.99996054
7235,0.0,3.203834e-05
4501,0.0,1.2278384e-05
3660,0.0,6.953897e-05
3114,0.0,7.986857e-05
495,0.0,-1.4730458e-05
8904,0.0,5.5466426e-05
2493,0.0,0.00011302848
1359,0.0,-7.79177e-05
7553,0.0,3.248765e-05
7501,0.0,-4.9641698e-05
6966,0.0,0.00015099513
6622,1.0,0.9996601
7033,0.0,5.6053792e-05
1130,1.0,0.9999291
7229,0.0,-5.6571145e-05
8656,1.0,0.99981153
1923,0.0,-5.740895e-05
2508,0.0,-4.7091933e-05
5009,0.0,-1.9026345e-05
1404,1.0,0.99993044
1919,0.0,1.0968299e-05
224,1.0,0.9999258
2104,0.0,0.00010483602
6101,0.0,1.5001848e-05
9104,0.0,5.7142763e-05
9557,0.0,9.709452e-05
2266,0.0,9.395725e-05
2013,0.0,-1.0372843e-05
5134,0.0,3.4515813e-06
4380,1.0,0.99978554
8672,1.0,1.0002317
3947,1.0,1.0000421
1883,0.0,5.0161038e-05
6471,0.0,-1.6492304e-05
4572,0.0,0.0006039547
4055,1.0,0.9999846
4717,0.0,5.0081166e-05
2886,1.0,0.99985456
8923,0.0,-1.8362189e-05
323,1.0,0.9999238
8867,0.0,-8.384218e-06
5805,0.0,2.2713139e-05
7497,0.0,4.6712876e-06
6403,1.0,0.99992484
3305,0.0,9.551503e-06
5957,0.0,-1.6836224e-05
4652,0.0,8.948842e-05
8477,0.0,1.000513
4344,1.0,0.9998429
4841,1.0,1.0000005
6040,0.0,-5.9922895e-06
7845,0.0,4.528486e-07
2966,0.0,7.390107e-05
1427,1.0,1.000085
7301,0.0,1.8545004e-05
2465,0.0,4.4336888e-05
4856,0.0,-2.001047e-05
4293,0.0,-4.7579895e-05
3150,1.0,0.95327485
1273,0.0,3.2276087e-06
743,1.0,0.9999509
9100,0.0,1.8269875e-05
9391,0.0,1.9733172e-05
7112,0.0,4.021561e-05
1563,0.0,-0.0005560784
6177,1.0,0.99992526
2499,0.0,3.2015596e-05
676,0.0,4.169764e-05
5374,0.0,-3.600795e-06
3733,0.0,1.7840342e-05
9634,1.0,0.9999259
3998,0.0,-2.1828513e-05
1771,0.0,1.7317085e-05
1527,0.0,2.3078694e-05
9218,0.0,1.0008625e-06
2222,0.0,2.1231375e-05
415,0.0,1.8931023e-05
5994,0.0,-4.1267474e-05
9195,0.0,5.379239e-05
723,0.0,0.0003040776
9506,0.0,2.2987864e-05
6839,0.0,2.448308e-05
891,0.0,-4.3674645e-06
9375,0.0,-0.000139207
2604,0.0,-2.6620677e-05
1081,0.0,1.5777729e-05
1567,0.0,2.7352537e-05
9503,0.0,0.00013891738
4095,1.0,0.99992526
695,0.0,-8.687468e-05
2988,0.0,-9.441737e-06
5833,0.0,-0.00010059508
1449,1.0,0.99992836
6668,0.0,-3.6916666e-05
7692,0.0,5.9782084e-05
3452,0.0,1.7184422e-05
7408,1.0,0.99993604
4369,0.0,-4.0519077e-05
7008,0.0,-3.4515677e-05
6418,0.0,4.544777e-05
1499,0.0,1.1024114e-05
7367,0.0,8.525275e-05
2113,0.0,3.1676223e-05
1003,0.0,3.7292153e-05
5838,0.0,3.6201833e-05
5115,0.0,6.7917535e-05
8746,0.0,5.9307462e-05
1506,0.0,-7.395324e-05
5293,0.0,-3.520542e-06
6718,0.0,0.00011805493
5429,0.0,7.3346055e-05
218,0.0,3.1949217e-05
2177,0.0,-6.0482344e-05
1317,0.0,-3.2017388e-06
9572,1.0,0.9999463
3379,0.0,0.00018497246
8543,0.0,0.000109231354
3683,0.0,2.4456724e-05
1988,0.0,-3.237774e-05
4633,1.0,1.0000427
8529,0.0,-4.455886e-05
9787,0.0,1.0707696e-05
6902,1.0,0.9999541
6589,0.0,8.154215e-06
8779,0.0,-1.3860514e-05
9313,0.0,-5.0642706e-05
260,0.0,-4.405447e-05
5803,0.0,3.0794596e-05
1241,0.0,0.000105556086
5697,1.0,0.9997453
4522,0.0,1.7213384e-05
619,0.0,4.0661967e-06
1799,0.0,4.3557393e-05
31,0.0,-0.00011595618
4703,0.0,4.0312218e-05
1935,1.0,1.0000924
4113,0.0,6.499056e-05
9818,1.0,1.0000896
5447,0.0,-0.00051945786
4301,0.0,9.7956414e-05
1723,0.0,8.037412e-06
7835,0.0,8.809418e-06
8440,0.0,5.2983913e-05
1189,0.0,-1.4249786e-05
2906,1.0,0.9999202
9310,0.0,-0.0011594541
7515,0.0,-0.0016565307
8525,1.0,1.0000416
7390,0.0,-3.4161235e-07
5202,0.0,-0.00077449693
7648,0.0,8.488529e-05
2633,0.0,0.00016665313
8873,1.0,1.0000472
8769,0.0,-5.3231142e-06
4467,0.0,-8.267594e-05
112,0.0,8.165648e-05
1515,0.0,-5.895192e-05
9661,0.0,5.5994155e-05
7336,0.0,-4.959991e-05
5097,0.0,1.4744548e-05
5237,0.0,5.541965e-05
3265,0.0,-0.00013645583
9094,0.0,-1.8079638e-05
8089,0.0,2.2278044e-05
7332,0.0,7.969951e-06
6580,0.0,8.530356e-05
5581,1.0,0.99997336
2159,1.0,0.9999219
8335,0.0,-7.7899494e-05
9606,0.0,4.438083e-06
6766,0.0,4.0015548e-05
3868,1.0,1.0000281
475,0.0,1.4656092e-05
1388,0.0,-0.00016935474
135,0.0,-7.950764e-07
2423,0.0,-2.5322028e-05
5734,1.0,0.9999261
9872,1.0,0.999954
7886,1.0,0.99997526
3927,0.0,-0.00016969946
6084,0.0,4.8106767e-06
5196,0.0,2.0420972e-05
3350,0.0,-9.6789394e-05
5236,1.0,1.0000163
8716,0.0,0.00030060997
4003,0.0,5.1018527e-05
8686,0.0,-0.00016250632
2775,0.0,9.636241e-05
2001,1.0,0.99991035
2235,1.0,1.0019109
4700,0.0,1.7339587e-06
6179,0.0,2.7970778e-05
1605,0.0,8.047243e-06
7024,0.0,-0.0002553274
4830,1.0,0.99993825
4072,0.0,-5.1326602e-05
5991,1.0,1.0001447
4338,1.0,0.99975854
1498,0.0,4.9689934e-05
1775,0.0,2.5857127e-05
2697,0.0,6.357179e-05
2664,0.0,-8.094477e-06
8066,0.0,-5.5489385e-05
483,1.0,0.99975246
1311,0.0,2.7655602e-05
3760,0.0,4.837705e-05
9938,0.0,4.5207147e-05
301,0.0,-0.00010386255
8060,0.0,-4.1147727e-05
9983,0.0,2.5639263e-05
7312,0.0,5.9754297e-05
5385,0.0,6.989117e-05
2768,0.0,0.00011578954
7748,0.0,7.143926e-05
3795,0.0,-3.107461e-05
3017,1.0,1.0001556
5725,1.0,1.0000051
1877,0.0,-6.445051e-05
8791,0.0,-4.989156e-05
2971,0.0,-0.00016542421
63,0.0,4.008904e-05
2130,0.0,1.390602e-06
5101,1.0,0.99999285
4481,1.0,1.0045103
6769,1.0,0.9998365
8639,0.0,-4.0075785e-05
7006,1.0,1.0000037
3790,0.0,7.6122096e-06
5996,0.0,2.6896203e-05
5959,0.0,-0.00019682171
6704,1.0,0.99990183
4668,0.0,3.244403e-05
5848,0.0,2.5638168e-05
7153,1.0,0.99988717
8634,0.0,2.82402e-05
766,1.0,0.99992204
8483,1.0,0.99996954
1082,1.0,0.49785203
4329,0.0,1.4941812e-05
4845,0.0,-0.0027265232
6147,0.0,-3.677672e-05
6456,0.0,-4.4636894e-05
3923,0.0,-2.0461914e-05
9843,1.0,1.0000488
461,0.0,9.0590576e-05
6294,0.0,-6.076552e-05
1345,1.0,1.0168222
2006,0.0,2.6181016e-05
3671,0.0,0.00015875266
9780,1.0,1.0001068
330,1.0,1.0000713
4091,0.0,4.1696978e-05
3088,0.0,0.00013828745
928,1.0,1.0000356
261,0.0,4.1927186e-05
6895,1.0,0.9998168
3628,1.0,0.99995744
2074,0.0,0.0018818505
6705,1.0,0.9998513
8921,0.0,-1.3015194e-06
7821,0.0,2.2041422e-05
1703,0.0,-3.0500176e-05
753,1.0,0.9999352
7560,0.0,-0.0014392111
2683,1.0,0.9999699
3766,0.0,1.7154925e-05
7950,0.0,1.5233214e-05
8636,0.0,4.3821656e-05
6248,0.0,2.102214e-05
3570,1.0,0.9956725
450,0.0,-3.2177813e-05
4673,1.0,0.9998645
3881,1.0,1.0002233
4863,0.0,-1.243847e-05
350,0.0,-2.4699978e-06
5350,0.0,-4.0465846e-05
3611,0.0,-0.00021137165
8486,0.0,-2.1467757e-05
1709,0.0,-0.00014803724
925,1.0,0.999907
6189,0.0,-1.2225676e-06
4874,0.0,1.1017072e-05
5759,0.0,-3.987522e-05
5362,0.0,7.161188e-05
4760,0.0,2.7307935e-05
5494,0.0,-4.2370402e-06
2531,1.0,1.0000135
8034,0.0,3.297688e-06
2637,0.0,-2.0686828e-05
6348,0.0,-4.519098e-05
1017,0.0,4.030518e-05
9411,1.0,0.99992377
2566,1.0,0.99994713
9369,0.0,3.9670434e-05
462,1.0,1.0002233
333,0.0,7.1307804e-05
448,0.0,-1.649699e-05
128,1.0,0.99931175
9819,0.0,3.5001307e-05
6455,1.0,0.99989474
1551,0.0,5.3138378e-05
4394,1.0,1.0001045
3788,0.0,-0.0004533246
5751,0.0,9.080328e-05
6606,0.0,3.2571043e-05
7287,0.0,1.9311137e-05
3396,0.0,1.26799205e-05
6727,1.0,0.9997596
871,1.0,1.0000412
2914,0.0,0.00011415129
1258,0.0,-0.00016648452
4908,0.0,8.4161984e-05
1530,0.0,5.110812e-05
6022,1.0,0.9999463
4675,1.0,0.99979335
9012,1.0,0.9998525
1814,0.0,3.3074833e-05
8662,0.0,5.2446943e-05
1269,0.0,-0.0003086498
7142,0.0,-7.2093662e-06
9099,0.0,-2.0230691e-05
9235,0.0,2.430451e-05
9376,0.0,-1.857655e-05
1986,0.0,0.4765372
2037,0.0,-5.32907e-05
4082,1.0,0.9999682
9431,0.0,4.863341e-05
3993,0.0,-0.0006548506
6513,0.0,-7.774513e-05
7844,1.0,0.99997425
6688,0.0,7.854767e-05
1319,0.0,-0.0001498675
2665,0.0,4.4535722e-05
9617,1.0,0.99980223
8461,0.0,4.477021e-05
5940,0.0,0.00065052084
8685,0.0,-6.299596e-06
1387,1.0,1.0000628
7714,0.0,-1.5757283e-05
6884,0.0,2.8682276e-05
5763,0.0,-3.2735043e-05
5181,0.0,0.00013282089
4603,0.0,7.6089435e-07
2408,1.0,0.9998905
4204,0.0,7.849136e-05
5486,0.0,-8.2622486e-05
4197,0.0,1.248102e-06
9644,1.0,1.0000281
7945,0.0,3.3798566e-05
5517,0.0,-0.00016163166
6159,1.0,0.9999258
2694,1.0,0.99959505
458,0.0,-1.0889869e-05
9760,0.0,-2.065759e-05
1888,1.0,0.99991333
784,0.0,6.7046436e-05
7920,0.0,6.2753998e-06
5193,1.0,0.5890658
2070,0.0,2.9162784e-05
1412,0.0,-0.00014290525
3840,0.0,-2.8297687e-05
9567,0.0,3.396761e-05
256,1.0,0.99990684
369,1.0,0.9999443
292,1.0,1.0002613
9944,0.0,-1.0228125e-05
5963,0.0,-0.00014369469
3772,0.0,1.3564977e-05
3807,0.0,-0.0008094579
1909,0.0,3.1769436e-05
2291,1.0,0.99980116
3773,0.0,3.101099e-05
3307,0.0,-6.0052153e-05
6747,0.0,-0.002834773
2856,0.0,-2.4224508e-05
6257,1.0,0.99938107
2296,0.0,1.3791969e-05
6,0.0,0.00042312813
6322,0.0,4.7491376e-06
7468,0.0,8.4578925e-05
476,1.0,1.0002153
3969,0.0,-5.381721e-05
2240,0.0,1.0771643e-06
1553,0.0,-1.8873147e-06
1978,0.0,8.443768e-05
1905,0.0,-2.096167e-05
4602,0.0,4.4189237e-05
5070,1.0,1.0003232
9789,1.0,1.0000565
2762,0.0,1.2156347e-05
441,0.0,-0.010041939
8675,0.0,-3.826107e-06
4729,1.0,0.99974656
7282,0.0,-4.727346e-05
3285,0.0,3.6291983e-06
9615,0.0,-4.2550142e-05
6983,1.0,0.9999435
9019,1.0,0.9998964
3160,0.0,8.7800305e-05
7524,0.0,-6.5787553e-06
3309,0.0,-1.1108262e-05
3272,0.0,-3.1585565e-05
7654,0.0,-3.32677e-05
1590,1.0,1.0000167
1308,0.0,3.3660595e-05
3459,0.0,0.0017745033
465,0.0,-2.8247203e-05
3863,0.0,0.00025553926
1502,0.0,9.317362e-05
6287,0.0,-5.7045756e-05
1641,0.0,0.00016590137
6742,0.0,-8.8288405e-05
3786,1.0,0.99998975
1970,0.0,-7.8699326e-05
2902,0.0,3.6158155e-05
2467,0.0,0.0001236648
8152,1.0,0.99992174
9456,0.0,0.00010588928
6564,1.0,1.0000453
6947,0.0,-2.7539532e-05
7401,0.0,8.865249e-06
2334,0.0,5.614181e-05
2267,1.0,0.99976313
9959,0.0,-9.8044104e-05
9994,0.0,2.0976066e-05
6709,1.0,0.82503295
3070,0.0,8.100355e-05
488,0.0,-7.059975e-05
43,0.0,5.875643e-05
3806,0.0,-0.000575762
8341,1.0,1.0000303
6357,0.0,-7.516185e-06
2790,0.0,-1.1589807e-06
4541,0.0,6.7583824e-05
3202,1.0,1.0000502
4762,1.0,0.99995357
6719,0.0,2.5635614e-05
9452,0.0,-4.2167103e-05
6682,0.0,1.0400185e-05
6451,1.0,0.99998754
2692,0.0,3.320601e-05
2913,0.0,9.890431e-05
3945,0.0,7.764253e-06
4938,1.0,1.000063
9472,1.0,0.9999315
2905,0.0,-2.3101181e-06
6302,0.0,-6.3125317e-06
6861,0.0,-6.814394e-05
8230,0.0,8.0749545e-05
4419,1.0,1.0008177
253,0.0,7.560933e-05
6825,0.0,1.3993049e-05
6388,0.0,-2.5079642e-06
6640,0.0,-7.007465e-06
6660,1.0,0.99997145
6061,0.0,0.00011777762
6945,0.0,-1.4127706e-06
6547,0.0,-2.649754e-06
6157,1.0,0.99998826
2033,0.0,5.1518047e-05
9859,0.0,-3.6145502e-05
5077,0.0,1.9423853e-05
9867,1.0,0.9974394
2721,0.0,-4.5225683e-05
9912,0.0,0.092377424
9437,0.0,-0.00016051176
2832,0.0,8.5601896e-05
8975,0.0,6.535812e-05
4205,1.0,1.0001142
6275,0.0,0.002228874
7325,1.0,1.0000339
2828,0.0,-0.0010449699
7584,0.0,-5.539092e-06
4985,0.0,-0.00019132433
2568,0.0,-3.0613865e-05
1353,0.0,3.2941938e-05
1413,0.0,-2.0889677e-06
5490,0.0,-0.00012760956
7758,0.0,6.9495065e-05
9244,0.0,7.444605e-05
1588,1.0,0.99988353
538,0.0,9.722095e-05
94,0.0,1.5871661e-05
389,0.0,-5.4439653e-05
3722,0.0,7.051544e-05
1822,0.0,-3.2364947e-05
842,1.0,0.99993306
4384,0.0,7.931608e-05
4026,1.0,0.99997944
1571,0.0,-5.2760908e-05
1090,1.0,0.99997634
4731,0.0,5.77859e-06
1440,0.0,4.481942e-05
5656,1.0,1.0127116
4963,0.0,0.00025278103
7532,0.0,0.00076057954
8690,1.0,1.0002536
3920,1.0,0.99986833
8872,1.0,0.9999988
8581,0.0,1.1615401e-05
4434,0.0,2.1792803e-05
1859,0.0,-2.7176819e-05
7365,0.0,9.4086965e-05
9035,1.0,1.0002258
993,0.0,2.006577e-05
5272,0.0,-3.9628394e-05
3908,0.0,0.00040857296
8133,0.0,4.979437e-06
7237,0.0,1.2586088e-05
5040,0.0,4.9202e-05
230,0.0,5.1245825e-06
1460,0.0,2.1418917e-05
257,0.0,7.630088e-05
2518,0.0,1.8697341e-05
8484,0.0,-2.6038328e-05
8191,1.0,1.0001981
272,0.0,4.8698086e-05
7492,0.0,-1.5132731e-05
2547,0.0,4.347277e-05
8312,1.0,1.0000453
3714,0.0,-3.3124716e-06
3191,1.0,1.0000075
9998,0.0,6.278707e-05
6643,0.0,-8.2332044e-05
29,0.0,8.463106e-05
4060,0.0,-0.00015591488
4598,0.0,-6.5089305e-05
269,1.0,1.0002311
4482,0.0,6.3506996e-05
6532,1.0,1.0000348
8806,1.0,0.999918
355,0.0,-6.3132895e-05
1375,1.0,1.0001253
5708,0.0,2.313263e-05
566,0.0,6.7977435e-06
9986,0.0,-0.00012374604
5427,0.0,-3.6013804e-05
4820,1.0,0.9999726
6146,0.0,-1.4935885e-05
8951,0.0,-2.6404796e-05
8937,1.0,0.9999039
1522,0.0,0.0003278628
3031,0.0,0.00012796118
5563,0.0,3.1552707e-05
5173,0.0,1.0716767e-05
7948,0.0,0.0001814334
637,0.0,2.320913e-05
645,0.0,7.709209e-05
8274,0.0,-1.5449693e-06
9582,0.0,-2.3497076e-05
8531,0.0,5.173443e-05
1769,0.0,3.3384746e-05
4470,0.0,0.00011824112
5141,0.0,5.1548675e-05
2397,0.0,4.369917e-05
2608,0.0,5.158262e-06
6552,0.0,2.8699116e-05
6448,0.0,2.9275066e-05
3836,1.0,0.9988741
5892,1.0,1.00385
1774,0.0,5.322533e-05
2743,0.0,0.00508828
2578,1.0,0.9985338
6886,0.0,-0.0012583176
3775,0.0,-1.7437007e-05
992,0.0,4.9933005e-05
2519,0.0,-1.7124294e-05
2115,0.0,2.032638e-05
7625,1.0,1.0000299
1873,0.0,-4.2585038e-05
3893,0.0,-1.0430784e-05
4332,1.0,0.99987876
811,0.0,5.618796e-05
2583,1.0,0.99992937
7675,1.0,1.0000012
3090,0.0,-1.1687979e-05
9666,1.0,1.0000414
1803,0.0,6.152688e-05
4106,1.0,0.999919
5799,0.0,6.220298e-05
1845,0.0,3.196929e-05
4894,0.0,-2.8408533e-05
6318,0.0,-9.722087e-05
2717,0.0,-7.336941e-05
4242,1.0,0.999878
2552,1.0,1.0000644
8185,0.0,-2.5467238e-05
6784,0.0,-4.4028766e-06
3973,0.0,-2.80946e-05
411,0.0,9.543092e-05
9750,0.0,2.5242785e-05
9245,0.0,-1.756446e-05
9645,1.0,0.9999123
1870,0.0,2.3555538e-05
7173,0.0,0.00010226154
6326,1.0,0.99992436
9032,1.0,1.000002
9009,0.0,4.3791966e-05
5107,0.0,2.7467508e-05
8622,0.0,-2.9840408e-05
8999,0.0,3.1297513e-05
4282,1.0,0.9999551
5225,0.0,4.927684e-05
1007,0.0,-0.00032759714
3481,0.0,-0.0044710357
293,0.0,-1.2110179e-06
7994,0.0,9.885034e-06
1350,0.0,5.000488e-05
8290,0.0,3.9424493e-05
690,0.0,8.672473e-05
9710,0.0,-2.4565782e-06
906,0.0,8.7370696e-05
4009,0.0,-7.4009884e-05
3276,0.0,-0.0034725766
610,0.0,3.6600795e-05
3475,0.0,-6.281929e-05
6334,0.0,1.1055758e-05
1793,0.0,-1.5507048e-05
1326,0.0,-8.338568e-05
1336,0.0,-0.00024948025
5568,0.0,0.00014103705
1279,1.0,0.9995886
3120,1.0,0.9999699
8307,0.0,9.962645e-05
1453,0.0,-8.370441e-05
5495,0.0,-1.6184527e-05
3454,1.0,0.9999924
2381,0.0,1.3844793e-06
7324,0.0,-4.0210914e-05
1836,0.0,-0.00038757324
4331,0.0,-1.709683e-05
8464,0.0,2.2144555e-05
4929,0.0,8.142621e-05
3147,0.0,3.247007e-05
4456,0.0,-2.1864613e-05
1369,1.0,1.0001267
3697,0.0,-2.6103924e-05
3446,0.0,1.9963245e-05
3318,0.0,-3.3160228e-05
8117,1.0,0.99984235
1454,1.0,0.99991405
1013,1.0,0.3725157
9614,0.0,8.035093e-06
8569,0.0,-3.389262e-05
7071,1.0,1.0004089
8573,0.0,-1.0305799e-05
9657,0.0,1.3931944e-05
5434,0.0,0.000108902
5780,0.0,-5.0584735e-05
5616,0.0,-2.698545e-05
5133,0.0,2.0554799e-05
9414,0.0,1.3902281e-05
313,0.0,5.9620006e-06
6449,0.0,-4.4397682e-05
131,0.0,-0.0014306755
5092,0.0,8.69539e-06
2975,1.0,0.9999516
9125,0.0,4.3123542e-05
3754,0.0,-5.906746e-06
7147,1.0,0.99987376
7537,1.0,0.9999331
4559,0.0,-0.0023870592
4012,1.0,1.0000288
5969,0.0,-5.113361e-06
1382,0.0,3.1729526e-06
4056,0.0,5.4411506e-05
6790,1.0,0.9999221
941,1.0,0.9998349
6880,0.0,-1.3729967e-05
6337,0.0,5.3709184e-05
9026,1.0,0.99960405
8159,0.0,-1.5281075e-05
4192,1.0,1.0001298
9247,1.0,0.9998936
428,0.0,2.7469756e-05
2229,0.0,3.43605e-05
8452,0.0,1.4206227e-05
9549,0.0,-1.946359e-05
7574,1.0,0.9998801
2350,1.0,0.9999363
51,0.0,-1.3530638e-05
5437,1.0,1.0001028
6931,0.0,-3.0536932e-05
7243,0.0,8.059044e-05
1307,0.0,7.212899e-05
5529,0.0,5.360671e-05
4528,1.0,0.9998134
4320,1.0,0.9998609
6105,1.0,0.9999094
8902,0.0,1.7953138e-05
7669,0.0,-8.603192e-05
8632,0.0,6.5487475e-06
1500,0.0,0.00015787015
2833,1.0,0.9999893
8501,0.0,3.0310635e-05
1195,1.0,1.0019345
8015,0.0,0.00025233952
2601,0.0,7.7002755e-05
857,0.0,-8.534264e-05
3914,0.0,2.1760945e-05
7596,0.0,6.2238805e-06
2786,0.0,5.9381127e-05
4479,0.0,2.8453134e-05
2943,0.0,-0.00012701962
5147,1.0,1.0000383
2936,1.0,1.0001436
5923,1.0,0.99995536
167,0.0,-4.234236e-05
6794,0.0,5.2306794e-05
1458,1.0,0.9998874
6803,0.0,4.7460067e-05
4967,0.0,0.00010659376
5343,0.0,3.7766997e-05
4992,0.0,7.138785e-05
9854,0.0,-5.1629013e-06
4086,0.0,-0.00012854056
524,0.0,4.35389e-05
5970,0.0,-3.0070809e-05
4525,0.0,-4.7936483e-05
930,0.0,6.533175e-05
1528,0.0,-6.129266e-05
1646,0.0,6.0420087e-05
9440,0.0,2.4386354e-05
6001,1.0,1.0000023
4641,1.0,1.0000209
4135,0.0,-0.00012389032
3137,0.0,1.4646764e-05
4939,0.0,-8.277351e-06
2111,1.0,0.9999385
2565,0.0,-4.0019542e-05
206,0.0,-9.242377e-06
6952,1.0,0.9999809
6558,0.0,-0.00013077926
3992,0.0,6.9638896e-05
4077,0.0,-0.00018241504
7212,0.0,-0.00011399393
9989,0.0,-3.2131076e-05
978,0.0,8.277142e-05
843,1.0,1.0000223
3464,0.0,5.924259e-05
1167,0.0,-0.00035715417
4542,0.0,2.1616735e-05
7652,0.0,3.4488469e-06
809,0.0,-9.40148e-05
6298,0.0,0.00017916881
1200,0.0,2.2911761e-05
8025,0.0,5.8256363e-05
9838,0.0,-2.9628507e-05
169,1.0,0.9998838
5417,0.0,3.5902936e-05
25,0.0,4.0371375e-05
5683,1.0,0.99839187
7663,0.0,1.8652012e-05
4580,0.0,0.00015024406
6821,0.0,7.7656936e-05
5843,0.0,-1.0226768e-05
7973,0.0,-7.7415716e-05
860,0.0,-6.3102616e-06
9159,0.0,-0.00030809277
4701,0.0,2.2987293e-05
4349,0.0,7.185226e-05
8768,0.0,4.166694e-05
9802,0.0,4.765593e-05
1921,1.0,0.99991995
4796,0.0,-2.0733871e-06
6999,0.0,9.951026e-05
833,1.0,0.9999702
754,0.0,8.5402535e-05
5654,0.0,2.862846e-05
137,0.0,-7.7589866e-05
3127,0.0,-0.0001628189
4454,0.0,-1.0217704e-05
8848,0.0,-0.00012085655
6904,0.0,-4.0298683e-06
9547,0.0,-3.0892734e-05
4159,0.0,-1.8587536e-05
5849,0.0,-4.6601817e-05
481,0.0,4.3592347e-05
5339,1.0,0.99995464
9135,0.0,9.9496414e-05
5652,0.0,4.0558374e-05
9470,0.0,0.0001486208
8468,0.0,1.0604033
3984,0.0,4.881522e-05
7822,0.0,4.9889604e-05
4114,1.0,0.99992657
9693,1.0,0.99997365
4362,1.0,0.99993414
4887,0.0,-0.0006589703
8723,0.0,-1.4737567e-05
1386,0.0,-1.3499396e-05
8329,0.0,7.3897845e-06
5611,1.0,0.9999382
5879,0.0,-6.279128e-06
9354,0.0,7.712398e-05
4128,0.0,-3.3540313e-05
9895,0.0,4.5232486e-05
7702,1.0,1.0000403
160,0.0,5.3886222e-05
1876,1.0,0.9999332
9699,0.0,5.384127e-05
8813,0.0,1.661196e-05
2951,0.0,6.906739e-05
1747,0.0,3.115592e-06
2049,0.0,1.051012
7322,0.0,-8.344734e-05
7863,0.0,9.1803005e-05
3824,0.0,-1.5670357e-05
2093,1.0,0.99868417
8804,0.0,7.8190315e-05
4545,1.0,1.0000246
9919,0.0,6.412179e-05
9604,0.0,0.0001847915
243,1.0,0.9998606
7190,0.0,-0.0056356015
6188,0.0,3.6038833e-05
2853,0.0,-0.00012675532
7295,0.0,0.00012587645
114,0.0,1.6220267e-05
7093,0.0,-4.2568736e-05
8476,1.0,1.000261
8939,0.0,8.501096e-06
7974,0.0,-1.8166571e-05
2827,1.0,0.99995655
9327,1.0,0.9998944
1217,0.0,-1.8988849e-05
7508,0.0,2.1754338e-05
5859,0.0,-6.650199e-05
6092,1.0,0.99994975
8772,0.0,-0.00047861418
1949,0.0,-0.0010783608
3049,1.0,0.9999441
5788,0.0,3.6109785e-05
3525,1.0,0.99995834
6663,0.0,2.5549234e-05
9651,0.0,2.6640144e-05
2556,0.0,8.699219e-05
5071,0.0,3.887114e-05
9518,0.0,7.357981e-05
8967,0.0,-6.9926034e-05
6367,1.0,0.9999085
9595,0.0,-0.00016012393
7608,1.0,1.0000217
6306,0.0,9.141082e-05
5854,0.0,1.7856008e-05
79,1.0,1.0000275
9871,0.0,-7.1051613e-07
6889,0.0,-2.697438e-05
1114,1.0,1.0000962
1296,0.0,-3.8363014e-05
2422,0.0,-7.788107e-05
6131,1.0,0.9997448
9400,0.0,7.2984567e-06
7660,0.0,5.045171e-05
7021,0.0,4.12763e-06
7120,0.0,0.00016858103
9647,0.0,-1.1114447e-05
9865,0.0,0.0001554173
3330,0.0,2.6611795e-06
9501,0.0,6.6035273e-06
3322,0.0,-3.7783666e-06
1235,0.0,5.2356412e-05
1889,0.0,0.008466905
3574,1.0,0.99915206
6313,1.0,0.9999244
5262,0.0,-3.840209e-05
8073,0.0,-0.00028118878
3267,0.0,-6.402956e-05
255,0.0,-0.00015130428
7177,0.0,1.5540381e-07
6070,0.0,-2.2586407e-06
8909,0.0,2.2330767e-06
587,0.0,-0.00010903927
7578,1.0,0.999969
6751,0.0,2.1005068e-05
6555,1.0,0.99994963
4040,0.0,1.5449765e-05
1432,0.0,0.00020685715
92,1.0,1.0000566
8223,0.0,-4.196389e-05
5501,1.0,1.0001293
5478,0.0,0.00010447043
6926,1.0,0.9998576
5584,0.0,-3.3283453e-05
4877,0.0,0.00042219931
4427,0.0,8.63855e-05
3288,0.0,-0.00017158157
3576,0.0,-1.2343174e-05
8868,1.0,0.99988383
8714,0.0,2.0377862e-05
6141,0.0,3.106798e-05
4002,1.0,0.99991953
9151,0.0,0.002185088
62,0.0,-1.6127455e-05
4706,1.0,0.99986404
6134,0.0,1.7524242e-05
7415,1.0,0.9999343
8881,0.0,1.2344506e-05
6953,0.0,2.4905417e-05
9237,0.0,4.7911988e-05
5452,0.0,-4.930221e-05
6629,0.0,-5.4294624e-06
7124,0.0,-7.885816e-05
9496,0.0,4.731861e-05
5019,0.0,5.1373063e-05
4693,0.0,1.1499995e-05
6957,1.0,0.9998834
776,0.0,-4.7340905e-05
486,0.0,3.6597157e-05
4815,0.0,2.43859e-05
9339,0.0,9.0485046e-05
9129,0.0,-7.7417186e-05
4291,0.0,4.3684766e-05
5065,1.0,0.9997929
7215,0.0,2.9568095e-05
6906,0.0,-3.194251e-05
512,0.0,0.00026779503
214,0.0,1.867308e-05
467,1.0,1.0001953
5026,0.0,-6.285556e-06
2483,0.0,9.361923e-05
3144,0.0,1.6878224e-05
2225,0.0,8.205958e-06
182,0.0,0.00013456593
8829,0.0,-2.9014827e-05
791,0.0,3.660676e-05
643,0.0,4.1203457e-05
2407,0.0,-0.00012419217
1886,0.0,9.776034e-05
5223,0.0,-1.884207e-05
5724,0.0,1.49534535e-05
3055,0.0,2.2561915e-05
4650,0.0,-5.052623e-05
4238,0.0,2.4406501e-05
894,0.0,-4.04654e-05
3735,1.0,0.99982166
848,0.0,-3.986755e-05
3911,0.0,2.0842508e-05
4853,0.0,-6.55486e-05
242,0.0,2.5474386e-05
3744,0.0,0.0003459903
5499,1.0,0.9999165
5254,0.0,-7.519174e-05
8544,1.0,1.0000405
2711,0.0,-1.2638576e-05
5829,0.0,2.1680058e-05
2725,1.0,1.0001585
2290,0.0,-0.00079456135
8385,0.0,-0.00010707152
1939,0.0,-3.804761e-05
3409,0.0,2.0632298e-05
8585,1.0,0.9999684
6903,0.0,1.5200864e-05
3011,0.0,5.6198514e-05
8458,1.0,0.9999888
4884,0.0,6.810443e-05
1464,0.0,-7.7422555e-05
6944,0.0,1.3863115e-05
6799,0.0,5.6810466e-05
1137,1.0,0.9995931
1112,1.0,1.0000381
6948,0.0,8.978032e-05
7496,0.0,-5.85937e-05
6847,1.0,1.0000044
5157,0.0,7.5700455e-06
9836,0.0,9.912869e-05
5518,0.0,2.0804993e-05
4925,1.0,0.9999183
1565,0.0,-1.1504971e-05
3767,0.0,5.4334283e-05
3378,0.0,0.00014995382
710,0.0,-9.579065e-05
8433,0.0,-0.0029367085
3100,0.0,8.597775e-05
3286,0.0,-3.965402e-05
3997,0.0,4.481946e-05
1523,0.0,4.9756894e-05
7979,0.0,1.4118676e-05
489,0.0,5.4058422e-05
4864,0.0,4.9246037e-06
2431,0.0,8.390836e-06
8601,0.0,-0.00018054082
2731,0.0,0.00010655784
2142,0.0,-3.6429512e-05
2541,0.0,-4.8506454e-06
8571,0.0,2.4895257e-05
9296,0.0,1.018303e-05
90,0.0,0.0002763615
8759,0.0,-4.5542944e-05
9534,0.0,-0.00031927254
8418,0.0,6.2766565e-05
5557,0.0,-4.014429e-05
3037,0.0,4.2169624e-05
8024,0.0,2.0597636e-05
4317,0.0,3.0537085e-05
2263,0.0,7.9813566e-05
5602,0.0,0.0025609294
9243,1.0,0.99995404
4172,1.0,0.9999099
6175,0.0,5.3988144e-05
6284,0.0,-0.00017610153
9060,0.0,7.825565e-05
8203,0.0,-2.1668986e-06
3075,0.0,6.9114685e-05
2192,0.0,-9.1238115e-05
6197,0.0,-0.000103677216
6049,0.0,1.7196882e-05
9562,0.0,0.0001977288
9123,0.0,5.9681493e-05
4989,1.0,1.0000135
5380,1.0,0.9998853
8500,0.0,6.099256e-06
5585,0.0,-6.097675e-05
5916,0.0,-9.1590904e-05
8292,0.0,-0.0001142623
9067,0.0,2.0464086e-05
1056,0.0,-0.00016947681
3706,0.0,0.00029578412
8317,0.0,2.5675723e-05
2712,0.0,-3.4739594e-05
5624,1.0,0.9999779
2879,1.0,1.0000204
8272,0.0,9.53713e-05
8790,0.0,7.06821e-05
9840,1.0,1.0000076
4965,1.0,0.9998145
3385,0.0,0.00988259
6973,0.0,-8.8768495e-05
366,0.0,-0.0003200277
782,1.0,1.0000966
5643,1.0,0.9999398
5460,0.0,-0.00021385952
8252,0.0,0.00018120876
6432,0.0,4.7670355e-06
1745,0.0,4.1983876e-05
4978,0.0,-3.2166627e-05
8206,0.0,5.9315204e-05
2868,0.0,0.0020867446
69,0.0,8.54433e-05
8617,0.0,-4.8350972e-05
3079,0.0,0.00012028882
5907,0.0,7.573921e-05
1203,0.0,5.0862043e-05
3096,0.0,5.3959324e-05
7158,0.0,4.124748e-05
2909,0.0,7.2630086e-05
6142,0.0,-0.00059930957
5165,0.0,1.2083261e-05
8196,1.0,1.0000759
5261,0.0,-9.472158e-06
170,0.0,2.2426528e-05
2728,0.0,0.00015177272
1084,0.0,4.1925987e-06
6932,0.0,7.90225e-05
893,0.0,-7.151557e-05
589,0.0,2.2601213e-05
6570,1.0,0.99996865
64,1.0,1.0001465
3361,0.0,0.00010237984
711,0.0,3.8791262e-05
6840,0.0,0.00024982519
8818,0.0,5.288498e-06
4462,0.0,-1.5537702e-05
6576,0.0,0.00013609478
6579,0.0,-0.00022162103
2034,0.0,9.2260554e-05
8783,0.0,2.6784532e-05
9260,1.0,0.99979115
109,0.0,7.571224e-05
3091,1.0,1.0000215
7154,1.0,0.9997993
878,0.0,0.00053830864
3661,0.0,2.918265e-05
9991,0.0,2.2233533e-05
5965,0.0,5.5477132e-05
7839,0.0,3.0887204e-05
6882,1.0,1.0
6692,0.0,-1.56208e-05
3540,1.0,0.9998743
7972,0.0,3.455654e-05
5949,0.0,2.5709145e-05
8348,0.0,7.3313386e-05
8259,0.0,7.8871504e-05
7783,0.0,2.3344815e-05
4196,0.0,-5.9532704e-05
7494,0.0,-2.9416991e-05
1162,0.0,5.7801404e-05
9405,0.0,4.5442015e-05
9225,0.0,-6.3306125e-06
6971,0.0,2.998326e-06
3282,0.0,-1.6653433e-06
7946,0.0,-8.770744e-05
4544,0.0,3.213797e-05
6215,0.0,-1.9449093e-05
2500,0.0,0.0019803827
7196,0.0,-0.0010167285
8582,1.0,1.000005
7004,0.0,-0.00013781241
3517,0.0,-6.339742e-05
1410,0.0,4.737733e-05
3018,0.0,-3.2983226e-05
1206,0.0,-4.0909716e-05
7808,0.0,-7.06481e-05
2304,0.0,3.6479953e-06
3300,0.0,7.7891375e-05
9965,0.0,5.355387e-05
6030,0.0,1.8955827e-05
9378,1.0,0.99993634
3723,1.0,0.9999531
423,0.0,0.00017737146
6124,1.0,0.99993783
7059,0.0,0.5741672
3581,0.0,3.4184106e-06
3304,0.0,7.770579e-05
8244,0.0,0.0011014616
8861,0.0,-1.817953e-05
7611,1.0,1.0000601
1493,0.0,3.1009462e-05
9045,0.0,-5.6245494e-07
4176,0.0,2.0766987e-05
2489,1.0,0.99976754
8946,0.0,0.00069305126
7851,1.0,0.9997664
706,0.0,0.00010310066
4333,0.0,2.881552e-05
8670,0.0,-0.00018105679
38,1.0,1.0001731
8011,0.0,-0.0002831504
6837,0.0,3.245578e-05
6479,1.0,1.0000739
1332,0.0,-3.6184116e-05
6935,1.0,1.0000681
8128,0.0,-1.1773515e-05
2007,0.0,-2.581087e-05
8287,1.0,1.0000297
6024,0.0,-0.00010085981
6702,0.0,3.823402e-05
9142,0.0,4.212599e-05
3657,0.0,-2.8243692e-05
2183,1.0,0.9996696
1472,0.0,-3.0373114e-05
553,1.0,1.0004635
6965,0.0,5.4465636e-05
3190,1.0,1.0000614
9622,0.0,-8.6109e-06
6501,0.0,0.00030872395
204,0.0,9.641392e-05
7606,0.0,3.1248997e-05
8158,0.0,-4.8942464e-05
6778,0.0,-1.0153779e-05
5981,0.0,2.3497294e-05
194,1.0,0.99972695
6985,0.0,5.7735295e-05
5454,0.0,5.2523672e-05
9894,0.0,6.707591e-05
3302,0.0,-2.7861737e-05
3543,0.0,-4.2322703e-05
8077,1.0,1.0000217
8807,0.0,3.559231e-05
3165,0.0,3.2027834e-05
2100,0.0,7.941656e-05
7018,1.0,0.9998073
6411,0.0,-2.420415e-05
9462,0.0,-6.8059608e-06
3294,1.0,0.9999384
6481,0.0,2.586798e-05
562,1.0,0.99969035
358,0.0,2.8902945e-05
5089,0.0,-4.6490517e-05
6054,0.0,-4.4319815e-05
8420,1.0,0.99877185
8411,0.0,1.7153794e-05
2873,1.0,0.9998355
2436,0.0,1.7969141e-05
502,0.0,3.90861e-05
7983,0.0,-4.6738212e-05
4750,0.0,-4.8250928e-05
4573,0.0,3.7985254e-05
8289,1.0,0.99985343
2330,1.0,1.0000412
744,0.0,2.9732044e-05
4356,0.0,0.00011327307
2680,0.0,1.1534581e-05
7908,0.0,-0.000656842
6301,0.0,-0.00019854645
1393,0.0,-0.0007344045
888,0.0,-0.00015316186
2561,0.0,9.671058e-06
4476,1.0,1.000051
3805,0.0,1.51352815e-05
6242,1.0,1.0001135
3105,0.0,-7.41571e-05
